,AUC,PR_AUC,Brier_raw,Brier_calibrated,best_threshold,min_total_cost,amount_recall,count_recall
baseline,0.904,0.7373,0.000723,0.000582,0.0435,4371.88,0.497,0.7973
SMOTE,0.971,0.7805,0.005971,0.000551,0.0735,4337.08,0.4958,0.8108
过采样,0.9669,0.7725,0.001701,0.000559,0.0285,4396.08,0.5007,0.8514
